student_id,grade
S00001,12
S00002,9
S00003,11
S00004,9
S00005,12
S00006,10
S00007,9
S00008,11
S00009,12
S00010,10
S00011,9
S00012,11
S00013,9
S00014,11
S00015,12
S00016,10
S00017,10
S00018,12
S00019,10
S00020,10
S00021,12
S00022,12
S00023,12
S00024,10
S00025,12
S00026,9
S00027,12
S00028,12
S00029,11
S00030,10
S00031,9
S00032,11
S00033,10
S00034,12
S00035,12
S00036,11
S00037,9
S00038,9
S00039,11
S00040,10
S00041,9
S00042,10
S00043,9
S00044,9
S00045,12
S00046,9
S00047,11
S00048,9
S00049,10
S00050,10
S00051,11
S00052,10
S00053,11
S00054,9
S00055,12
S00056,12
S00057,12
S00058,12
S00059,10
S00060,11
S00061,11
S00062,12
S00063,10
S00064,9
S00065,9
S00066,10
S00067,10
S00068,10
S00069,12
S00070,11
S00071,12
S00072,10
S00073,10
S00074,12
S00075,9
S00076,12
S00077,10
S00078,9
S00079,12
S00080,10
S00081,12
S00082,12
S00083,10
S00084,11
S00085,10
S00086,9
S00087,10
S00088,12
S00089,11
S00090,10
S00091,9
S00092,9
S00093,12
S00094,12
S00095,11
S00096,9
S00097,9
S00098,12
S00099,9
S00100,12
S00101,10
S00102,12
S00103,9
S00104,9
S00105,9
S00106,9
S00107,11
S00108,9
S00109,12
S00110,12
S00111,10
S00112,10
S00113,11
S00114,9
S00115,10
S00116,12
S00117,11
S00118,9
S00119,10
S00120,10
S00121,10
S00122,12
S00123,9
S00124,9
S00125,11
S00126,10
S00127,11
S00128,11
S00129,11
S00130,12
S00131,9
S00132,11
S00133,12
S00134,9
S00135,11
S00136,11
S00137,11
S00138,11
S00139,11
S00140,11
S00141,12
S00142,11
S00143,9
S00144,12
S00145,10
S00146,9
S00147,9
S00148,10
S00149,12
S00150,9
S00151,12
S00152,12
S00153,11
S00154,10
S00155,9
S00156,9
S00157,12
S00158,11
S00159,10
S00160,10
S00161,9
S00162,10
S00163,12
S00164,10
S00165,11
S00166,9
S00167,11
S00168,11
S00169,11
S00170,10
S00171,11
S00172,12
S00173,9
S00174,11
S00175,12
S00176,10
S00177,12
S00178,10
S00179,12
S00180,11
S00181,11
S00182,12
S00183,12
S00184,12
S00185,10
S00186,9
S00187,12
S00188,10
S00189,9
S00190,10
S00191,12
S00192,12
S00193,10
S00194,9
S00195,11
S00196,10
S00197,12
S00198,10
S00199,9
S00200,11
S00201,10
S00202,11
S00203,11
S00204,12
S00205,11
S00206,9
S00207,12
S00208,10
S00209,12
S00210,11
S00211,12
S00212,9
S00213,12
S00214,10
S00215,12
S00216,10
S00217,12
S00218,10
S00219,9
S00220,11
S00221,11
S00222,9
S00223,10
S00224,10
S00225,9
S00226,10
S00227,12
S00228,10
S00229,10
S00230,11
S00231,12
S00232,12
S00233,12
S00234,9
S00235,12
S00236,12
S00237,11
S00238,10
S00239,12
S00240,11
S00241,12
S00242,10
S00243,9
S00244,9
S00245,9
S00246,11
S00247,9
S00248,9
S00249,10
S00250,12
S00251,10
S00252,9
S00253,10
S00254,10
S00255,10
S00256,11
S00257,11
S00258,12
S00259,12
S00260,12
S00261,12
S00262,12
S00263,11
S00264,9
S00265,11
S00266,11
S00267,10
S00268,11
S00269,11
S00270,11
S00271,10
S00272,11
S00273,9
S00274,11
S00275,9
S00276,12
S00277,9
S00278,11
S00279,12
S00280,11
S00281,9
S00282,9
S00283,12
S00284,11
S00285,12
S00286,10
S00287,11
S00288,12
S00289,12
S00290,12
S00291,10
S00292,10
S00293,11
S00294,9
S00295,10
S00296,12
S00297,12
S00298,11
S00299,9
S00300,10
S00301,11
S00302,12
S00303,11
S00304,10
S00305,10
S00306,11
S00307,9
S00308,10
S00309,11
S00310,10
S00311,11
S00312,12
S00313,11
S00314,9
S00315,9
S00316,12
S00317,10
S00318,9
S00319,12
S00320,9
S00321,10
S00322,10
S00323,10
S00324,11
S00325,12
S00326,11
S00327,10
S00328,10
S00329,10
S00330,12
S00331,10
S00332,10
S00333,9
S00334,9
S00335,12
S00336,10
S00337,10
S00338,12
S00339,10
S00340,11
S00341,12
S00342,11
S00343,12
S00344,10
S00345,10
S00346,10
S00347,9
S00348,12
S00349,11
S00350,12
S00351,11
S00352,9
S00353,11
S00354,11
S00355,11
S00356,9
S00357,10
S00358,10
S00359,11
S00360,12
S00361,12
S00362,12
S00363,11
S00364,12
S00365,12
S00366,11
S00367,12
S00368,9
S00369,10
S00370,12
S00371,10
S00372,11
S00373,12
S00374,10
S00375,10
S00376,10
S00377,11
S00378,11
S00379,10
S00380,10
S00381,10
S00382,11
S00383,11
S00384,11
S00385,12
S00386,12
S00387,12
S00388,11
S00389,12
S00390,12
S00391,11
S00392,11
S00393,10
S00394,11
S00395,11
S00396,12
S00397,9
S00398,12
S00399,12
S00400,11
S00401,12
S00402,12
S00403,9
S00404,9
S00405,11
S00406,11
S00407,9
S00408,9
S00409,12
S00410,10
S00411,10
S00412,9
S00413,10
S00414,9
S00415,10
S00416,11
S00417,12
S00418,9
S00419,12
S00420,9
S00421,10
S00422,12
S00423,12
S00424,9
S00425,9
S00426,10
S00427,12
S00428,9
S00429,10
S00430,10
S00431,9
S00432,12
S00433,9
S00434,9
S00435,11
S00436,11
S00437,10
S00438,11
S00439,12
S00440,10
S00441,12
S00442,11
S00443,10
S00444,12
S00445,11
S00446,11
S00447,11
S00448,9
S00449,9
S00450,10
S00451,11
S00452,9
S00453,9
S00454,9
S00455,11
S00456,12
S00457,10
S00458,11
S00459,9
S00460,11
S00461,12
S00462,9
S00463,11
S00464,12
S00465,12
S00466,12
S00467,9
S00468,9
S00469,11
S00470,12
S00471,12
S00472,9
S00473,10
S00474,10
S00475,9
S00476,10
S00477,12
S00478,12
S00479,9
S00480,11
S00481,10
S00482,9
S00483,11
S00484,10
S00485,9
S00486,12
S00487,12
S00488,9
S00489,10
S00490,10
S00491,11
S00492,9
S00493,10
S00494,9
S00495,11
S00496,12
S00497,12
S00498,10
S00499,12
S00500,12
S00501,9
S00502,9
S00503,10
S00504,12
S00505,9
S00506,11
S00507,12
S00508,9
S00509,9
S00510,11
S00511,10
S00512,12
S00513,9
S00514,11
S00515,9
S00516,9
S00517,12
S00518,11
S00519,9
S00520,10
S00521,11
S00522,10
S00523,11
S00524,10
S00525,11
S00526,10
S00527,9
S00528,11
S00529,12
S00530,12
S00531,11
S00532,11
S00533,9
S00534,9
S00535,10
S00536,10
S00537,9
S00538,10
S00539,9
S00540,9
S00541,10
S00542,9
S00543,10
S00544,12
S00545,12
S00546,9
S00547,10
S00548,12
S00549,9
S00550,9
S00551,10
S00552,9
S00553,10
S00554,11
S00555,11
S00556,12
S00557,11
S00558,12
S00559,9
S00560,12
S00561,12
S00562,10
S00563,9
S00564,11
S00565,12
S00566,11
S00567,9
S00568,10
S00569,9
S00570,10
S00571,12
S00572,12
S00573,10
S00574,9
S00575,9
S00576,11
S00577,12
S00578,10
S00579,10
S00580,10
S00581,10
S00582,10
S00583,12
S00584,11
S00585,12
S00586,10
S00587,9
S00588,9
S00589,9
S00590,9
S00591,12
S00592,10
S00593,9
S00594,11
S00595,11
S00596,9
S00597,9
S00598,11
S00599,10
S00600,10
S00601,12
S00602,10
S00603,12
S00604,10
S00605,11
S00606,12
S00607,11
S00608,11
S00609,9
S00610,12
S00611,9
S00612,9
S00613,10
S00614,10
S00615,10
S00616,12
S00617,11
S00618,12
S00619,10
S00620,10
S00621,9
S00622,11
S00623,11
S00624,9
S00625,11
S00626,12
S00627,12
S00628,11
S00629,9
S00630,10
S00631,11
S00632,12
S00633,10
S00634,11
S00635,12
S00636,11
S00637,11
S00638,10
S00639,11
S00640,10
S00641,12
S00642,9
S00643,12
S00644,12
S00645,11
S00646,9
S00647,9
S00648,9
S00649,12
S00650,12
S00651,12
S00652,9
S00653,9
S00654,9
S00655,11
S00656,10
S00657,11
S00658,12
S00659,12
S00660,10
S00661,10
S00662,9
S00663,11
S00664,11
S00665,10
S00666,10
S00667,11
S00668,9
S00669,11
S00670,12
S00671,11
S00672,10
S00673,10
S00674,11
S00675,12
S00676,10
S00677,9
S00678,11
S00679,9
S00680,11
S00681,11
S00682,12
S00683,12
S00684,10
S00685,10
S00686,10
S00687,9
S00688,10
S00689,9
S00690,11
S00691,9
S00692,10
S00693,9
S00694,11
S00695,12
S00696,12
S00697,9
S00698,11
S00699,10
S00700,11
S00701,9
S00702,10
S00703,9
S00704,10
S00705,9
S00706,9
S00707,11
S00708,12
S00709,11
S00710,11
S00711,9
S00712,11
S00713,10
S00714,10
S00715,10
S00716,10
S00717,12
S00718,11
S00719,9
S00720,11
S00721,9
S00722,11
S00723,9
S00724,11
S00725,10
S00726,9
S00727,9
S00728,9
S00729,11
S00730,10
S00731,12
S00732,12
S00733,10
S00734,9
S00735,11
S00736,11
S00737,9
S00738,9
S00739,9
S00740,9
S00741,10
S00742,10
S00743,12
S00744,11
S00745,11
S00746,11
S00747,12
S00748,10
S00749,12
S00750,10
S00751,10
S00752,11
S00753,11
S00754,9
S00755,9
S00756,9
S00757,9
S00758,12
S00759,12
S00760,12
S00761,10
S00762,9
S00763,9
S00764,11
S00765,9
S00766,11
S00767,10
S00768,10
S00769,12
S00770,11
S00771,9
S00772,12
S00773,12
S00774,11
S00775,10
S00776,12
S00777,11
S00778,12
S00779,9
S00780,10
S00781,9
S00782,10
S00783,12
S00784,9
S00785,10
S00786,11
S00787,12
S00788,12
S00789,9
S00790,10
S00791,11
S00792,11
S00793,9
S00794,12
S00795,10
S00796,12
S00797,11
S00798,9
S00799,11
S00800,12
S00801,11
S00802,9
S00803,10
S00804,9
S00805,12
S00806,10
S00807,9
S00808,12
S00809,12
S00810,12
S00811,12
S00812,11
S00813,11
S00814,10
S00815,10
S00816,12
S00817,11
S00818,11
S00819,10
S00820,12
S00821,10
S00822,10
S00823,10
S00824,10
S00825,12
S00826,10
S00827,12
S00828,9
S00829,9
S00830,11
S00831,9
S00832,10
S00833,9
S00834,12
S00835,11
S00836,9
S00837,11
S00838,10
S00839,12
S00840,12
S00841,11
S00842,9
S00843,12
S00844,9
S00845,12
S00846,9
S00847,12
S00848,12
S00849,10
S00850,12
S00851,9
S00852,9
S00853,12
S00854,11
S00855,10
S00856,12
S00857,12
S00858,12
S00859,11
S00860,11
S00861,12
S00862,10
S00863,11
S00864,12
S00865,12
S00866,11
S00867,9
S00868,9
S00869,10
S00870,9
S00871,10
S00872,9
S00873,9
S00874,10
S00875,12
S00876,12
S00877,9
S00878,11
S00879,11
S00880,11
S00881,12
S00882,11
S00883,9
S00884,11
S00885,12
S00886,12
S00887,9
S00888,11
S00889,9
S00890,12
S00891,11
S00892,11
S00893,11
S00894,12
S00895,9
S00896,11
S00897,10
S00898,9
S00899,11
S00900,11
S00901,10
S00902,11
S00903,9
S00904,11
S00905,12
S00906,10
S00907,10
S00908,9
S00909,11
S00910,12
S00911,9
S00912,10
S00913,10
S00914,11
S00915,11
S00916,9
S00917,10
S00918,9
S00919,9
S00920,11
S00921,10
S00922,11
S00923,9
S00924,10
S00925,12
S00926,12
S00927,10
S00928,10
S00929,11
S00930,9
S00931,12
S00932,9
S00933,11
S00934,12
S00935,9
S00936,10
S00937,9
S00938,10
S00939,12
S00940,9
S00941,11
S00942,12
S00943,11
S00944,9
S00945,10
S00946,10
S00947,11
S00948,9
S00949,9
S00950,11
S00951,12
S00952,9
S00953,11
S00954,9
S00955,9
S00956,9
S00957,12
S00958,9
S00959,12
S00960,11
S00961,12
S00962,10
S00963,10
S00964,10
S00965,10
S00966,10
S00967,12
S00968,12
S00969,9
S00970,9
S00971,9
S00972,10
S00973,9
S00974,12
S00975,12
S00976,11
S00977,9
S00978,9
S00979,12
S00980,10
S00981,9
S00982,9
S00983,10
S00984,12
S00985,9
S00986,12
S00987,12
S00988,12
S00989,10
S00990,12
S00991,9
S00992,10
S00993,10
S00994,12
S00995,9
S00996,12
S00997,12
S00998,11
S00999,11
S01000,10
S01001,12
S01002,12
S01003,9
S01004,11
S01005,9
S01006,10
S01007,11
S01008,10
S01009,11
S01010,12
S01011,10
S01012,10
S01013,10
S01014,11
S01015,12
S01016,9
S01017,9
S01018,10
S01019,11
S01020,10
S01021,11
S01022,11
S01023,10
S01024,11
S01025,10
S01026,11
S01027,11
S01028,9
S01029,9
S01030,10
S01031,11
S01032,10
S01033,12
S01034,9
S01035,12
S01036,10
S01037,12
S01038,12
S01039,12
S01040,12
S01041,10
S01042,12
S01043,11
S01044,9
S01045,11
S01046,9
S01047,11
S01048,9
S01049,9
S01050,12
S01051,10
S01052,11
S01053,11
S01054,11
S01055,12
S01056,12
S01057,12
S01058,12
S01059,10
S01060,9
S01061,11
S01062,11
S01063,10
S01064,12
S01065,10
S01066,12
S01067,10
S01068,12
S01069,10
S01070,9
S01071,10
S01072,10
S01073,12
S01074,9
S01075,10
S01076,11
S01077,12
S01078,12
S01079,11
S01080,9
S01081,9
S01082,9
S01083,9
S01084,11
S01085,10
S01086,12
S01087,9
S01088,12
S01089,11
S01090,10
S01091,11
S01092,9
S01093,11
S01094,9
S01095,10
S01096,11
S01097,9
S01098,12
S01099,9
S01100,11
S01101,11
S01102,9
S01103,10
S01104,12
S01105,9
S01106,9
S01107,9
S01108,10
S01109,10
S01110,10
S01111,9
S01112,10
S01113,12
S01114,12
S01115,12
S01116,12
S01117,11
S01118,10
S01119,12
S01120,11
S01121,12
S01122,12
S01123,12
S01124,10
S01125,11
S01126,12
S01127,11
S01128,11
S01129,10
S01130,11
S01131,11
S01132,12
S01133,11
S01134,10
S01135,12
S01136,10
S01137,12
S01138,10
S01139,9
S01140,11
S01141,9
S01142,10
S01143,10
S01144,11
S01145,10
S01146,12
S01147,11
S01148,9
S01149,10
S01150,11
S01151,12
S01152,9
S01153,11
S01154,10
S01155,9
S01156,10
S01157,12
S01158,10
S01159,12
S01160,10
S01161,9
S01162,9
S01163,12
S01164,12
S01165,9
S01166,11
S01167,12
S01168,11
S01169,10
S01170,9
S01171,10
S01172,10
S01173,10
S01174,12
S01175,11
S01176,12
S01177,9
S01178,11
S01179,9
S01180,12
S01181,10
S01182,12
S01183,9
S01184,10
S01185,9
S01186,9
S01187,11
S01188,11
S01189,11
S01190,10
S01191,12
S01192,9
S01193,11
S01194,10
S01195,11
S01196,11
S01197,10
S01198,12
S01199,11
S01200,11
S01201,12
S01202,10
S01203,10
S01204,12
S01205,12
S01206,12
S01207,11
S01208,9
S01209,10
S01210,11
S01211,11
S01212,10
S01213,9
S01214,9
S01215,11
S01216,11
S01217,11
S01218,12
S01219,9
S01220,11
S01221,12
S01222,9
S01223,9
S01224,9
S01225,10
S01226,9
S01227,11
S01228,12
S01229,10
S01230,11
S01231,10
S01232,11
S01233,12
S01234,12
S01235,10
S01236,11
S01237,12
S01238,11
S01239,10
S01240,9
S01241,10
S01242,11
S01243,11
S01244,12
S01245,10
S01246,10
S01247,9
S01248,10
S01249,10
S01250,11
S01251,12
S01252,10
S01253,12
S01254,11
S01255,11
S01256,9
S01257,10
S01258,9
S01259,11
S01260,12
S01261,9
S01262,11
S01263,10
S01264,12
S01265,10
S01266,10
S01267,12
S01268,9
S01269,10
S01270,11
S01271,9
S01272,10
S01273,9
S01274,9
S01275,12
S01276,12
S01277,12
S01278,12
S01279,12
S01280,12
S01281,11
S01282,12
S01283,11
S01284,12
S01285,10
S01286,9
S01287,10
S01288,9
S01289,9
S01290,11
S01291,12
S01292,9
S01293,12
S01294,9
S01295,9
S01296,12
S01297,10
S01298,9
S01299,10
S01300,10
S01301,11
S01302,9
S01303,10
S01304,10
S01305,12
S01306,10
S01307,12
S01308,11
S01309,10
S01310,9
S01311,12
S01312,12
S01313,9
S01314,12
S01315,9
S01316,10
S01317,11
S01318,11
S01319,9
S01320,12
S01321,12
S01322,10
S01323,10
S01324,9
S01325,11
S01326,12
S01327,10
S01328,9
S01329,10
S01330,9
S01331,10
S01332,11
S01333,11
S01334,11
S01335,10
S01336,11
S01337,10
S01338,12
S01339,12
S01340,9
S01341,10
S01342,11
S01343,10
S01344,10
S01345,12
S01346,11
S01347,11
S01348,9
S01349,11
S01350,12
S01351,12
S01352,9
S01353,9
S01354,12
S01355,10
S01356,11
S01357,12
S01358,9
S01359,12
S01360,11
S01361,12
S01362,11
S01363,11
S01364,12
S01365,9
S01366,11
S01367,12
S01368,11
S01369,11
S01370,11
S01371,11
S01372,10
S01373,11
S01374,9
S01375,9
S01376,12
S01377,10
S01378,10
S01379,12
S01380,11
S01381,11
S01382,11
S01383,9
S01384,11
S01385,11
S01386,12
S01387,11
S01388,12
S01389,12
S01390,11
S01391,9
S01392,10
S01393,12
S01394,9
S01395,10
S01396,11
S01397,11
S01398,10
S01399,11
S01400,9
S01401,10
S01402,12
S01403,10
S01404,10
S01405,11
S01406,12
S01407,11
S01408,9
S01409,9
S01410,9
S01411,11
S01412,11
S01413,12
S01414,11
S01415,12
S01416,9
S01417,11
S01418,12
S01419,9
S01420,11
S01421,12
S01422,10
S01423,9
S01424,9
S01425,10
S01426,9
S01427,10
S01428,10
S01429,11
S01430,11
S01431,11
S01432,12
S01433,11
S01434,10
S01435,12
S01436,11
S01437,12
S01438,11
S01439,9
S01440,12
S01441,9
S01442,12
S01443,12
S01444,12
S01445,10
S01446,12
S01447,9
S01448,10
S01449,11
S01450,10
S01451,9
S01452,12
S01453,12
S01454,12
S01455,10
S01456,9
S01457,11
S01458,12
S01459,9
S01460,10
S01461,12
S01462,11
S01463,11
S01464,9
S01465,10
S01466,11
S01467,10
S01468,11
S01469,10
S01470,12
S01471,9
S01472,9
S01473,11
S01474,11
S01475,12
S01476,10
S01477,11
S01478,9
S01479,10
S01480,10
S01481,11
S01482,12
S01483,10
S01484,12
S01485,9
S01486,9
S01487,12
S01488,12
S01489,9
S01490,11
S01491,12
S01492,10
S01493,9
S01494,9
S01495,11
S01496,12
S01497,10
S01498,9
S01499,10
S01500,11
S01501,12
S01502,12
S01503,9
S01504,12
S01505,9
S01506,9
S01507,9
S01508,9
S01509,11
S01510,11
S01511,11
S01512,9
S01513,12
S01514,12
S01515,9
S01516,10
S01517,9
S01518,10
S01519,11
S01520,9
S01521,9
S01522,12
S01523,9
S01524,9
S01525,10
S01526,9
S01527,9
S01528,10
S01529,10
S01530,11
S01531,11
S01532,11
S01533,9
S01534,11
S01535,11
S01536,10
S01537,12
S01538,12
S01539,11
S01540,12
S01541,11
S01542,10
S01543,12
S01544,12
S01545,11
S01546,11
S01547,10
S01548,9
S01549,11
S01550,10
S01551,9
S01552,12
S01553,9
S01554,11
S01555,12
S01556,10
S01557,10
S01558,11
S01559,12
S01560,10
S01561,11
S01562,11
S01563,9
S01564,9
S01565,9
S01566,12
S01567,11
S01568,12
S01569,11
S01570,11
S01571,10
S01572,12
S01573,11
S01574,11
S01575,12
S01576,12
S01577,11
S01578,12
S01579,12
S01580,10
S01581,10
S01582,9
S01583,9
S01584,10
S01585,10
S01586,11
S01587,10
S01588,11
S01589,12
S01590,11
S01591,10
S01592,9
S01593,12
S01594,10
S01595,9
S01596,11
S01597,11
S01598,9
S01599,9
S01600,10
S01601,12
S01602,11
S01603,9
S01604,12
S01605,9
S01606,12
S01607,12
S01608,10
S01609,9
S01610,11
S01611,9
S01612,11
S01613,9
S01614,9
S01615,10
S01616,9
S01617,12
S01618,9
S01619,9
S01620,12
S01621,11
S01622,12
S01623,12
S01624,12
S01625,12
S01626,10
S01627,12
S01628,9
S01629,12
S01630,12
S01631,9
S01632,10
S01633,9
S01634,11
S01635,10
S01636,12
S01637,9
S01638,10
S01639,12
S01640,9
S01641,10
S01642,11
S01643,12
S01644,9
S01645,10
S01646,9
S01647,11
S01648,11
S01649,12
S01650,9
S01651,11
S01652,9
S01653,12
S01654,9
S01655,9
S01656,12
S01657,12
S01658,10
S01659,11
S01660,10
S01661,11
S01662,10
S01663,10
S01664,11
S01665,10
S01666,10
S01667,10
S01668,11
S01669,11
S01670,12
S01671,9
S01672,12
S01673,10
S01674,12
S01675,10
S01676,11
S01677,10
S01678,12
S01679,11
S01680,9
S01681,12
S01682,11
S01683,9
S01684,9
S01685,9
S01686,11
S01687,11
S01688,12
S01689,10
S01690,12
S01691,12
S01692,9
S01693,12
S01694,9
S01695,12
S01696,9
S01697,9
S01698,10
S01699,11
S01700,9
S01701,9
S01702,12
S01703,12
S01704,10
S01705,9
S01706,12
S01707,12
S01708,12
S01709,11
S01710,10
S01711,12
S01712,10
S01713,12
S01714,10
S01715,11
S01716,10
S01717,11
S01718,11
S01719,9
S01720,10
S01721,10
S01722,11
S01723,9
S01724,12
S01725,10
S01726,10
S01727,12
S01728,12
S01729,12
S01730,10
S01731,9
S01732,11
S01733,11
S01734,11
S01735,11
S01736,12
S01737,12
S01738,12
S01739,9
S01740,9
S01741,12
S01742,11
S01743,10
S01744,9
S01745,10
S01746,9
S01747,9
S01748,11
S01749,10
S01750,10
S01751,10
S01752,12
S01753,11
S01754,11
S01755,11
S01756,12
S01757,10
S01758,10
S01759,11
S01760,11
S01761,10
S01762,12
S01763,10
S01764,10
S01765,12
S01766,12
S01767,11
S01768,11
S01769,10
S01770,9
S01771,9
S01772,11
S01773,12
S01774,10
S01775,9
S01776,10
S01777,10
S01778,11
S01779,11
S01780,11
S01781,9
S01782,11
S01783,10
S01784,10
S01785,10
S01786,9
S01787,12
S01788,9
S01789,9
S01790,11
S01791,10
S01792,9
S01793,9
S01794,11
S01795,9
S01796,10
S01797,11
S01798,12
S01799,9
S01800,10
S01801,10
S01802,10
S01803,10
S01804,11
S01805,11
S01806,9
S01807,11
S01808,12
S01809,9
S01810,11
S01811,10
S01812,11
S01813,12
S01814,11
S01815,11
S01816,12
S01817,9
S01818,12
S01819,9
S01820,10
S01821,10
S01822,10
S01823,12
S01824,10
S01825,9
S01826,11
S01827,12
S01828,11
S01829,12
S01830,10
S01831,10
S01832,9
S01833,11
S01834,9
S01835,12
S01836,10
S01837,12
S01838,10
S01839,11
S01840,10
S01841,10
S01842,11
S01843,9
S01844,11
S01845,9
S01846,10
S01847,10
S01848,10
S01849,10
S01850,9
S01851,12
S01852,11
S01853,10
S01854,10
S01855,10
S01856,12
S01857,10
S01858,10
S01859,11
S01860,12
S01861,11
S01862,10
S01863,12
S01864,11
S01865,10
S01866,9
S01867,12
S01868,9
S01869,12
S01870,11
S01871,11
S01872,12
S01873,10
S01874,11
S01875,9
S01876,10
S01877,10
S01878,11
S01879,9
S01880,11
S01881,9
S01882,12
S01883,10
S01884,9
S01885,9
S01886,11
S01887,11
S01888,9
S01889,10
S01890,11
S01891,9
S01892,11
S01893,12
S01894,9
S01895,12
S01896,12
S01897,9
S01898,9
S01899,9
S01900,9
S01901,12
S01902,10
S01903,11
S01904,12
S01905,12
S01906,10
S01907,10
S01908,12
S01909,12
S01910,11
S01911,9
S01912,10
S01913,11
S01914,9
S01915,12
S01916,12
S01917,10
S01918,11
S01919,9
S01920,12
S01921,12
S01922,11
S01923,11
S01924,9
S01925,9
S01926,9
S01927,10
S01928,11
S01929,12
S01930,12
S01931,12
S01932,10
S01933,9
S01934,9
S01935,12
S01936,12
S01937,10
S01938,9
S01939,9
S01940,11
S01941,12
S01942,10
S01943,12
S01944,12
S01945,9
S01946,12
S01947,11
S01948,12
S01949,12
S01950,9
S01951,9
S01952,12
S01953,9
S01954,11
S01955,12
S01956,9
S01957,9
S01958,12
S01959,11
S01960,12
S01961,11
S01962,9
S01963,12
S01964,9
S01965,12
S01966,12
S01967,11
S01968,11
S01969,12
S01970,11
S01971,12
S01972,12
S01973,11
S01974,10
S01975,12
S01976,9
S01977,10
S01978,12
S01979,10
S01980,9
S01981,9
S01982,12
S01983,9
S01984,9
S01985,9
S01986,12
S01987,10
S01988,9
S01989,12
S01990,9
S01991,9
S01992,12
S01993,10
S01994,9
S01995,10
S01996,11
S01997,10
S01998,10
S01999,12
S02000,9
S02001,10
S02002,9
S02003,11
S02004,11
S02005,10
S02006,9
S02007,11
S02008,11
S02009,9
S02010,9
S02011,10
S02012,10
S02013,9
S02014,9
S02015,10
S02016,10
S02017,10
S02018,11
S02019,10
S02020,10
S02021,11
S02022,9
S02023,12
S02024,12
S02025,11
S02026,9
S02027,9
S02028,11
S02029,9
S02030,10
S02031,12
S02032,11
S02033,10
S02034,12
S02035,10
S02036,9
S02037,9
S02038,10
S02039,10
S02040,12
S02041,12
S02042,10
S02043,10
S02044,9
S02045,9
S02046,12
S02047,12
S02048,11
S02049,12
S02050,10
S02051,10
S02052,11
S02053,10
S02054,11
S02055,9
S02056,12
S02057,10
S02058,9
S02059,11
S02060,12
S02061,11
S02062,12
S02063,12
S02064,10
S02065,9
S02066,11
S02067,9
S02068,11
S02069,10
S02070,9
S02071,11
S02072,9
S02073,9
S02074,9
S02075,9
S02076,11
S02077,12
S02078,10
S02079,10
S02080,12
S02081,12
S02082,12
S02083,9
S02084,10
S02085,11
S02086,10
S02087,9
S02088,12
S02089,12
S02090,10
S02091,12
S02092,10
S02093,12
S02094,12
S02095,9
S02096,11
S02097,12
S02098,11
S02099,10
S02100,12
S02101,9
S02102,10
S02103,12
S02104,9
S02105,10
S02106,12
S02107,11
S02108,9
S02109,12
S02110,12
S02111,9
S02112,12
S02113,10
S02114,12
S02115,11
S02116,9
S02117,12
S02118,11
S02119,11
S02120,10
S02121,10
S02122,11
S02123,11
S02124,12
S02125,11
S02126,12
S02127,10
S02128,12
S02129,10
S02130,9
S02131,11
S02132,11
S02133,10
S02134,10
S02135,12
S02136,11
S02137,10
S02138,10
S02139,12
S02140,9
S02141,12
S02142,10
S02143,10
S02144,9
S02145,10
S02146,10
S02147,11
S02148,12
S02149,12
S02150,10
S02151,11
S02152,12
S02153,12
S02154,11
S02155,9
S02156,12
S02157,12
S02158,9
S02159,12
S02160,12
S02161,12
S02162,10
S02163,10
S02164,10
S02165,12
S02166,12
S02167,9
S02168,10
S02169,10
S02170,12
S02171,11
S02172,12
S02173,9
S02174,12
S02175,11
S02176,12
S02177,11
S02178,11
S02179,11
S02180,11
S02181,10
S02182,10
S02183,10
S02184,11
S02185,10
S02186,9
S02187,9
S02188,10
S02189,9
S02190,9
S02191,10
S02192,10
S02193,12
S02194,9
S02195,11
S02196,10
S02197,11
S02198,9
S02199,9
S02200,9
S02201,12
S02202,12
S02203,12
S02204,11
S02205,11
S02206,11
S02207,12
S02208,11
S02209,12
S02210,9
S02211,11
S02212,10
S02213,10
S02214,11
S02215,11
S02216,12
S02217,11
S02218,11
S02219,10
S02220,11
S02221,12
S02222,10
S02223,9
S02224,10
S02225,12
S02226,9
S02227,9
S02228,11
S02229,11
S02230,9
S02231,11
S02232,11
S02233,10
S02234,10
S02235,12
S02236,11
S02237,12
S02238,9
S02239,9
S02240,12
S02241,9
S02242,10
S02243,10
S02244,9
S02245,12
S02246,11
S02247,12
S02248,9
S02249,9
S02250,10
S02251,10
S02252,12
S02253,9
S02254,12
S02255,11
S02256,10
S02257,10
S02258,10
S02259,11
S02260,11
S02261,12
S02262,12
S02263,10
S02264,12
S02265,11
S02266,9
S02267,12
S02268,9
S02269,11
S02270,10
S02271,9
S02272,10
S02273,12
S02274,11
S02275,12
S02276,10
S02277,11
S02278,10
S02279,12
S02280,10
S02281,12
S02282,12
S02283,12
S02284,10
S02285,10
S02286,12
S02287,9
S02288,9
S02289,12
S02290,12
S02291,9
S02292,11
S02293,9
S02294,12
S02295,12
S02296,10
S02297,12
S02298,10
S02299,9
S02300,11
S02301,12
S02302,11
S02303,11
S02304,11
S02305,9
S02306,11
S02307,12
S02308,12
S02309,12
S02310,12
S02311,10
S02312,11
S02313,12
S02314,10
S02315,9
S02316,9
S02317,10
S02318,9
S02319,12
S02320,11
S02321,9
S02322,12
S02323,11
S02324,12
S02325,12
S02326,9
S02327,12
S02328,10
S02329,11
S02330,10
S02331,9
S02332,10
S02333,9
S02334,10
S02335,10
S02336,11
S02337,12
S02338,11
S02339,12
S02340,11
S02341,10
S02342,11
S02343,9
S02344,12
S02345,12
S02346,9
S02347,10
S02348,11
S02349,12
S02350,11
S02351,10
S02352,9
S02353,10
S02354,9
S02355,9
S02356,10
S02357,12
S02358,10
S02359,12
S02360,11
S02361,9
S02362,11
S02363,9
S02364,10
S02365,11
S02366,10
S02367,9
S02368,11
S02369,9
S02370,12
S02371,10
S02372,12
S02373,12
S02374,11
S02375,11
S02376,9
S02377,9
S02378,10
S02379,12
S02380,12
S02381,12
S02382,9
S02383,10
S02384,12
S02385,11
S02386,10
S02387,9
S02388,11
S02389,9
S02390,11
S02391,12
S02392,9
S02393,12
S02394,10
S02395,10
S02396,10
S02397,9
S02398,12
S02399,12
S02400,12
S02401,12
S02402,9
S02403,11
S02404,10
S02405,12
S02406,11
S02407,10
S02408,12
S02409,12
S02410,10
S02411,11
S02412,12
S02413,9
S02414,9
S02415,12
S02416,12
S02417,11
S02418,10
S02419,12
S02420,9
S02421,12
S02422,11
S02423,9
S02424,11
S02425,10
S02426,11
S02427,10
S02428,9
S02429,12
S02430,11
S02431,12
S02432,9
S02433,10
S02434,9
S02435,9
S02436,9
S02437,10
S02438,11
S02439,10
S02440,12
S02441,10
S02442,11
S02443,9
S02444,9
S02445,9
S02446,10
S02447,12
S02448,9
S02449,9
S02450,10
S02451,9
S02452,12
S02453,12
S02454,11
S02455,12
S02456,9
S02457,11
S02458,11
S02459,9
S02460,11
S02461,10
S02462,9
S02463,11
S02464,11
S02465,10
S02466,10
S02467,11
S02468,9
S02469,10
S02470,12
S02471,9
S02472,12
S02473,9
S02474,12
S02475,12
S02476,9
S02477,9
S02478,9
S02479,12
S02480,11
S02481,10
S02482,10
S02483,11
S02484,11
S02485,10
S02486,10
S02487,12
S02488,12
S02489,12
S02490,12
S02491,9
S02492,12
S02493,10
S02494,12
S02495,12
S02496,9
S02497,9
S02498,12
S02499,9
S02500,12
S02501,11
S02502,12
S02503,10
S02504,10
S02505,10
S02506,10
S02507,11
S02508,10
S02509,11
S02510,10
S02511,10
S02512,11
S02513,11
S02514,10
S02515,11
S02516,12
S02517,12
S02518,12
S02519,9
S02520,12
S02521,10
S02522,10
S02523,11
S02524,10
S02525,12
S02526,10
S02527,10
S02528,12
S02529,10
S02530,9
S02531,9
S02532,11
S02533,10
S02534,11
S02535,10
S02536,12
S02537,11
S02538,9
S02539,9
S02540,12
S02541,10
S02542,12
S02543,10
S02544,11
S02545,10
S02546,12
S02547,12
S02548,10
S02549,11
S02550,11
S02551,10
S02552,9
S02553,12
S02554,10
S02555,12
S02556,12
S02557,11
S02558,10
S02559,11
S02560,9
S02561,9
S02562,10
S02563,12
S02564,11
S02565,12
S02566,10
S02567,12
S02568,11
S02569,12
S02570,11
S02571,9
S02572,11
S02573,11
S02574,11
S02575,11
S02576,10
S02577,12
S02578,11
S02579,11
S02580,10
S02581,10
S02582,10
S02583,11
S02584,11
S02585,9
S02586,10
S02587,10
S02588,12
S02589,9
S02590,11
S02591,10
S02592,9
S02593,10
S02594,12
S02595,11
S02596,10
S02597,11
S02598,11
S02599,12
S02600,9
S02601,11
S02602,9
S02603,9
S02604,11
S02605,10
S02606,12
S02607,12
S02608,12
S02609,9
S02610,12
S02611,10
S02612,12
S02613,9
S02614,12
S02615,9
S02616,11
S02617,11
S02618,11
S02619,11
S02620,9
S02621,9
S02622,11
S02623,11
S02624,9
S02625,12
S02626,10
S02627,11
S02628,11
S02629,12
S02630,12
S02631,10
S02632,11
S02633,9
S02634,12
S02635,12
S02636,10
S02637,12
S02638,11
S02639,11
S02640,9
S02641,11
S02642,10
S02643,10
S02644,12
S02645,9
S02646,11
S02647,9
S02648,12
S02649,9
S02650,12
S02651,9
S02652,12
S02653,10
S02654,11
S02655,9
S02656,10
S02657,9
S02658,9
S02659,12
S02660,10
S02661,10
S02662,10
S02663,12
S02664,11
S02665,11
S02666,12
S02667,9
S02668,9
S02669,11
S02670,12
S02671,10
S02672,12
S02673,9
S02674,11
S02675,11
S02676,9
S02677,9
S02678,11
S02679,11
S02680,9
S02681,10
S02682,11
S02683,10
S02684,11
S02685,11
S02686,11
S02687,11
S02688,11
S02689,9
S02690,11
S02691,10
S02692,9
S02693,11
S02694,10
S02695,10
S02696,12
S02697,10
S02698,11
S02699,12
S02700,11
S02701,11
S02702,10
S02703,11
S02704,12
S02705,12
S02706,9
S02707,10
S02708,12
S02709,12
S02710,10
S02711,9
S02712,12
S02713,12
S02714,10
S02715,12
S02716,10
S02717,10
S02718,10
S02719,10
S02720,12
S02721,10
S02722,9
S02723,9
S02724,9
S02725,12
S02726,9
S02727,11
S02728,12
S02729,10
S02730,9
S02731,11
S02732,11
S02733,9
S02734,9
S02735,10
S02736,12
S02737,10
S02738,9
S02739,10
S02740,9
S02741,9
S02742,11
S02743,11
S02744,11
S02745,10
S02746,11
S02747,11
S02748,11
S02749,11
S02750,9
S02751,12
S02752,10
S02753,12
S02754,12
S02755,11
S02756,10
S02757,10
S02758,9
S02759,9
S02760,12
S02761,12
S02762,9
S02763,10
S02764,9
S02765,11
S02766,9
S02767,10
S02768,11
S02769,10
S02770,10
S02771,12
S02772,10
S02773,10
S02774,12
S02775,12
S02776,10
S02777,10
S02778,11
S02779,12
S02780,11
S02781,12
S02782,11
S02783,11
S02784,10
S02785,9
S02786,9
S02787,12
S02788,10
S02789,9
S02790,9
S02791,10
S02792,10
S02793,11
S02794,9
S02795,12
S02796,12
S02797,9
S02798,11
S02799,10
S02800,12
S02801,9
S02802,12
S02803,12
S02804,12
S02805,12
S02806,12
S02807,12
S02808,10
S02809,10
S02810,12
S02811,10
S02812,9
S02813,12
S02814,9
S02815,10
S02816,11
S02817,9
S02818,12
S02819,10
S02820,9
S02821,11
S02822,10
S02823,10
S02824,12
S02825,11
S02826,9
S02827,10
S02828,12
S02829,11
S02830,11
S02831,11
S02832,10
S02833,10
S02834,9
S02835,12
S02836,9
S02837,10
S02838,11
S02839,11
S02840,10
S02841,9
S02842,10
S02843,11
S02844,11
S02845,11
S02846,10
S02847,11
S02848,10
S02849,10
S02850,12
S02851,11
S02852,12
S02853,12
S02854,11
S02855,10
S02856,10
S02857,12
S02858,9
S02859,9
S02860,10
S02861,12
S02862,9
S02863,11
S02864,9
S02865,10
S02866,11
S02867,11
S02868,10
S02869,11
S02870,12
S02871,10
S02872,10
S02873,11
S02874,11
S02875,12
S02876,10
S02877,9
S02878,10
S02879,11
S02880,12
S02881,9
S02882,9
S02883,9
S02884,9
S02885,10
S02886,10
S02887,12
S02888,11
S02889,10
S02890,12
S02891,9
S02892,12
S02893,12
S02894,10
S02895,10
S02896,10
S02897,12
S02898,12
S02899,10
S02900,10
S02901,12
S02902,11
S02903,11
S02904,10
S02905,11
S02906,10
S02907,11
S02908,9
S02909,11
S02910,11
S02911,10
S02912,10
S02913,9
S02914,12
S02915,10
S02916,10
S02917,10
S02918,9
S02919,12
S02920,12
S02921,9
S02922,12
S02923,11
S02924,12
S02925,10
S02926,11
S02927,10
S02928,10
S02929,10
S02930,12
S02931,9
S02932,11
S02933,11
S02934,10
S02935,12
S02936,9
S02937,9
S02938,12
S02939,12
S02940,12
S02941,12
S02942,10
S02943,10
S02944,11
S02945,10
S02946,12
S02947,11
S02948,10
S02949,12
S02950,9
S02951,11
S02952,10
S02953,9
S02954,11
S02955,11
S02956,9
S02957,11
S02958,12
S02959,9
S02960,10
S02961,9
S02962,11
S02963,10
S02964,9
S02965,11
S02966,10
S02967,9
S02968,12
S02969,11
S02970,9
S02971,10
S02972,11
S02973,9
S02974,10
S02975,9
S02976,11
S02977,9
S02978,12
S02979,11
S02980,9
S02981,10
S02982,10
S02983,12
S02984,12
S02985,10
S02986,9
S02987,11
S02988,9
S02989,10
S02990,12
S02991,9
S02992,11
S02993,11
S02994,9
S02995,11
S02996,11
S02997,11
S02998,11
S02999,11
S03000,12
S03001,12
S03002,10
S03003,9
S03004,9
S03005,12
S03006,9
S03007,9
S03008,11
S03009,12
S03010,9
S03011,10
S03012,11
S03013,11
S03014,10
S03015,9
S03016,11
S03017,9
S03018,11
S03019,9
S03020,9
S03021,12
S03022,9
S03023,11
S03024,10
S03025,9
S03026,12
S03027,9
S03028,12
S03029,9
S03030,9
S03031,10
S03032,11
S03033,12
S03034,10
S03035,9
S03036,12
S03037,11
S03038,11
S03039,10
S03040,11
S03041,10
S03042,9
S03043,12
S03044,10
S03045,9
S03046,12
S03047,11
S03048,9
S03049,10
S03050,10
S03051,9
S03052,12
S03053,11
S03054,12
S03055,9
S03056,12
S03057,10
S03058,9
S03059,10
S03060,10
S03061,10
S03062,9
S03063,9
S03064,10
S03065,9
S03066,10
S03067,12
S03068,10
S03069,10
S03070,12
S03071,11
S03072,12
S03073,10
S03074,11
S03075,9
S03076,10
S03077,10
S03078,11
S03079,9
S03080,9
S03081,9
S03082,9
S03083,11
S03084,11
S03085,10
S03086,11
S03087,10
S03088,10
S03089,10
S03090,10
S03091,10
S03092,11
S03093,9
S03094,11
S03095,10
S03096,11
S03097,11
S03098,9
S03099,9
S03100,9
S03101,11
S03102,10
S03103,10
S03104,11
S03105,12
S03106,9
S03107,11
S03108,10
S03109,11
S03110,12
S03111,11
S03112,12
S03113,10
S03114,10
S03115,11
S03116,11
S03117,10
S03118,9
S03119,11
S03120,11
S03121,12
S03122,12
S03123,10
S03124,10
S03125,12
S03126,10
S03127,11
S03128,9
S03129,9
S03130,10
S03131,12
S03132,9
S03133,12
S03134,9
S03135,11
S03136,10
S03137,11
S03138,10
S03139,9
S03140,12
S03141,9
S03142,12
S03143,11
S03144,12
S03145,9
S03146,9
S03147,11
S03148,10
S03149,9
S03150,11
S03151,11
S03152,9
S03153,12
S03154,11
S03155,11
S03156,9
S03157,10
S03158,11
S03159,10
S03160,10
S03161,9
S03162,12
S03163,12
S03164,12
S03165,9
S03166,11
S03167,9
S03168,10
S03169,10
S03170,10
S03171,9
S03172,12
S03173,9
S03174,10
S03175,10
S03176,9
S03177,12
S03178,10
S03179,12
S03180,11
S03181,11
S03182,12
S03183,11
S03184,9
S03185,9
S03186,10
S03187,12
S03188,10
S03189,12
S03190,11
S03191,12
S03192,12
S03193,10
S03194,12
S03195,10
S03196,9
S03197,12
S03198,12
S03199,12
S03200,12
S03201,10
S03202,9
S03203,9
S03204,10
S03205,10
S03206,12
S03207,9
S03208,9
S03209,11
S03210,12
S03211,11
S03212,11
S03213,12
S03214,10
S03215,9
S03216,12
S03217,9
S03218,10
S03219,10
S03220,10
S03221,12
S03222,11
S03223,10
S03224,11
S03225,11
S03226,10
S03227,11
S03228,11
S03229,9
S03230,10
S03231,10
S03232,10
S03233,10
S03234,11
S03235,10
S03236,12
S03237,12
S03238,9
S03239,10
S03240,11
S03241,12
S03242,11
S03243,10
S03244,11
S03245,10
S03246,11
S03247,12
S03248,9
S03249,9
S03250,11
S03251,9
S03252,10
S03253,12
S03254,12
S03255,10
S03256,11
S03257,9
S03258,9
S03259,11
S03260,12
S03261,9
S03262,9
S03263,9
S03264,12
S03265,12
S03266,9
S03267,12
S03268,10
S03269,12
S03270,10
S03271,11
S03272,9
S03273,12
S03274,11
S03275,10
S03276,12
S03277,12
S03278,12
S03279,10
S03280,10
S03281,10
S03282,9
S03283,12
S03284,12
S03285,11
S03286,10
S03287,9
S03288,11
S03289,10
S03290,10
S03291,12
S03292,10
S03293,9
S03294,12
S03295,12
S03296,11
S03297,12
S03298,11
S03299,11
S03300,12
S03301,11
S03302,12
S03303,9
S03304,12
S03305,11
S03306,12
S03307,12
S03308,9
S03309,9
S03310,12
S03311,12
S03312,11
S03313,11
S03314,11
S03315,9
S03316,12
S03317,11
S03318,12
S03319,10
S03320,12
S03321,11
S03322,9
S03323,12
S03324,10
S03325,12
S03326,12
S03327,11
S03328,10
S03329,9
S03330,12
S03331,10
S03332,11
S03333,10
S03334,10
S03335,11
S03336,12
S03337,9
S03338,9
S03339,9
S03340,10
S03341,12
S03342,12
S03343,10
S03344,11
S03345,11
S03346,9
S03347,10
S03348,10
S03349,12
S03350,11
S03351,12
S03352,11
S03353,11
S03354,11
S03355,11
S03356,10
S03357,12
S03358,11
S03359,9
S03360,11
S03361,9
S03362,11
S03363,11
S03364,11
S03365,12
S03366,11
S03367,9
S03368,11
S03369,9
S03370,12
S03371,11
S03372,11
S03373,12
S03374,11
S03375,11
S03376,10
S03377,12
S03378,10
S03379,11
S03380,9
S03381,9
S03382,11
S03383,12
S03384,12
S03385,9
S03386,9
S03387,10
S03388,10
S03389,9
S03390,9
S03391,9
S03392,12
S03393,10
S03394,9
S03395,9
S03396,10
S03397,11
S03398,10
S03399,12
S03400,10
S03401,12
S03402,12
S03403,9
S03404,11
S03405,9
S03406,11
S03407,9
S03408,10
S03409,10
S03410,9
S03411,9
S03412,9
S03413,9
S03414,12
S03415,9
S03416,12
S03417,12
S03418,9
S03419,9
S03420,12
S03421,12
S03422,11
S03423,10
S03424,10
S03425,11
S03426,11
S03427,11
S03428,12
S03429,10
S03430,10
S03431,10
S03432,11
S03433,10
S03434,10
S03435,11
S03436,9
S03437,9
S03438,9
S03439,12
S03440,9
S03441,12
S03442,12
S03443,11
S03444,10
S03445,12
S03446,11
S03447,10
S03448,12
S03449,10
S03450,9
S03451,10
S03452,10
S03453,9
S03454,12
S03455,9
S03456,9
S03457,12
S03458,9
S03459,12
S03460,10
S03461,12
S03462,11
S03463,12
S03464,12
S03465,10
S03466,9
S03467,12
S03468,11
S03469,9
S03470,11
S03471,12
S03472,9
S03473,9
S03474,12
S03475,9
S03476,12
S03477,11
S03478,12
S03479,9
S03480,11
S03481,9
S03482,12
S03483,11
S03484,11
S03485,11
S03486,9
S03487,12
S03488,9
S03489,10
S03490,9
S03491,11
S03492,11
S03493,12
S03494,11
S03495,11
S03496,10
S03497,11
S03498,9
S03499,10
S03500,11
S03501,9
S03502,12
S03503,11
S03504,9
S03505,10
S03506,11
S03507,9
S03508,11
S03509,12
S03510,10
S03511,9
S03512,9
S03513,12
S03514,12
S03515,9
S03516,9
S03517,12
S03518,9
S03519,12
S03520,12
S03521,10
S03522,11
S03523,11
S03524,9
S03525,9
S03526,10
S03527,10
S03528,10
S03529,12
S03530,9
S03531,10
S03532,11
S03533,12
S03534,9
S03535,11
S03536,9
S03537,12
S03538,11
S03539,12
S03540,12
S03541,12
S03542,12
S03543,9
S03544,10
S03545,11
S03546,11
S03547,9
S03548,11
S03549,10
S03550,11
S03551,12
S03552,11
S03553,12
S03554,12
S03555,10
S03556,9
S03557,12
S03558,11
S03559,11
S03560,10
S03561,12
S03562,9
S03563,11
S03564,12
S03565,12
S03566,11
S03567,10
S03568,12
S03569,9
S03570,11
S03571,10
S03572,12
S03573,11
S03574,9
S03575,10
S03576,10
S03577,11
S03578,12
S03579,10
S03580,10
S03581,11
S03582,9
S03583,12
S03584,9
S03585,12
S03586,11
S03587,10
S03588,11
S03589,11
S03590,12
S03591,12
S03592,10
S03593,9
S03594,12
S03595,11
S03596,12
S03597,9
S03598,9
S03599,12
S03600,10
S03601,9
S03602,11
S03603,9
S03604,11
S03605,12
S03606,12
S03607,10
S03608,9
S03609,12
S03610,11
S03611,11
S03612,10
S03613,11
S03614,11
S03615,10
S03616,10
S03617,10
S03618,11
S03619,11
S03620,10
S03621,10
S03622,11
S03623,11
S03624,11
S03625,10
S03626,12
S03627,10
S03628,12
S03629,9
S03630,11
S03631,9
S03632,12
S03633,11
S03634,10
S03635,11
S03636,10
S03637,10
S03638,9
S03639,10
S03640,11
S03641,11
S03642,9
S03643,10
S03644,10
S03645,9
S03646,11
S03647,10
S03648,12
S03649,9
S03650,11
S03651,12
S03652,10
S03653,9
S03654,11
S03655,10
S03656,11
S03657,10
S03658,10
S03659,9
S03660,12
S03661,9
S03662,10
S03663,9
S03664,11
S03665,11
S03666,12
S03667,11
S03668,9
S03669,11
S03670,9
S03671,12
S03672,12
S03673,11
S03674,12
S03675,9
S03676,10
S03677,9
S03678,9
S03679,12
S03680,10
S03681,12
S03682,11
S03683,10
S03684,10
S03685,9
S03686,12
S03687,11
S03688,11
S03689,12
S03690,10
S03691,12
S03692,11
S03693,11
S03694,10
S03695,10
S03696,10
S03697,10
S03698,10
S03699,9
S03700,11
S03701,12
S03702,11
S03703,11
S03704,12
S03705,10
S03706,9
S03707,10
S03708,10
S03709,10
S03710,9
S03711,11
S03712,9
S03713,9
S03714,9
S03715,9
S03716,12
S03717,10
S03718,9
S03719,10
S03720,12
S03721,10
S03722,10
S03723,11
S03724,12
S03725,11
S03726,9
S03727,9
S03728,11
S03729,11
S03730,9
S03731,11
S03732,10
S03733,10
S03734,9
S03735,11
S03736,11
S03737,9
S03738,11
S03739,12
S03740,9
S03741,12
S03742,12
S03743,11
S03744,10
S03745,11
S03746,11
S03747,12
S03748,10
S03749,11
S03750,11
S03751,9
S03752,10
S03753,9
S03754,10
S03755,9
S03756,12
S03757,12
S03758,11
S03759,9
S03760,11
S03761,9
S03762,10
S03763,9
S03764,9
S03765,12
S03766,9
S03767,11
S03768,11
S03769,11
S03770,10
S03771,11
S03772,11
S03773,10
S03774,10
S03775,9
S03776,9
S03777,11
S03778,11
S03779,9
S03780,10
S03781,9
S03782,10
S03783,11
S03784,9
S03785,9
S03786,11
S03787,11
S03788,11
S03789,12
S03790,11
S03791,12
S03792,9
S03793,9
S03794,12
S03795,12
S03796,10
S03797,9
S03798,10
S03799,10
S03800,10
S03801,11
S03802,10
S03803,11
S03804,9
S03805,9
S03806,10
S03807,11
S03808,12
S03809,12
S03810,9
S03811,9
S03812,12
S03813,11
S03814,11
S03815,10
S03816,10
S03817,12
S03818,9
S03819,10
S03820,12
S03821,11
S03822,11
S03823,9
S03824,9
S03825,11
S03826,11
S03827,12
S03828,9
S03829,11
S03830,11
S03831,12
S03832,12
S03833,9
S03834,9
S03835,9
S03836,12
S03837,9
S03838,11
S03839,11
S03840,12
S03841,9
S03842,10
S03843,10
S03844,10
S03845,12
S03846,9
S03847,10
S03848,11
S03849,10
S03850,12
S03851,9
S03852,12
S03853,9
S03854,11
S03855,11
S03856,12
S03857,11
S03858,12
S03859,9
S03860,10
S03861,11
S03862,11
S03863,10
S03864,10
S03865,12
S03866,12
S03867,9
S03868,12
S03869,9
S03870,10
S03871,10
S03872,10
S03873,12
S03874,10
S03875,10
S03876,9
S03877,12
S03878,11
S03879,9
S03880,11
S03881,12
S03882,9
S03883,10
S03884,12
S03885,11
S03886,10
S03887,10
S03888,9
S03889,11
S03890,12
S03891,12
S03892,12
S03893,12
S03894,9
S03895,11
S03896,10
S03897,9
S03898,11
S03899,9
S03900,10
S03901,9
S03902,12
S03903,9
S03904,11
S03905,10
S03906,11
S03907,11
S03908,10
S03909,11
S03910,10
S03911,11
S03912,11
S03913,12
S03914,12
S03915,12
S03916,10
S03917,10
S03918,12
S03919,12
S03920,12
S03921,10
S03922,12
S03923,10
S03924,10
S03925,9
S03926,10
S03927,11
S03928,12
S03929,9
S03930,10
S03931,10
S03932,9
S03933,11
S03934,11
S03935,11
S03936,12
S03937,10
S03938,12
S03939,9
S03940,9
S03941,10
S03942,9
S03943,9
S03944,12
S03945,11
S03946,9
S03947,10
S03948,9
S03949,12
S03950,11
S03951,9
S03952,9
S03953,11
S03954,10
S03955,9
S03956,11
S03957,9
S03958,11
S03959,9
S03960,12
S03961,12
S03962,11
S03963,10
S03964,11
S03965,11
S03966,12
S03967,10
S03968,12
S03969,10
S03970,11
S03971,9
S03972,11
S03973,9
S03974,12
S03975,10
S03976,9
S03977,10
S03978,12
S03979,9
S03980,12
S03981,11
S03982,12
S03983,9
S03984,9
S03985,9
S03986,11
S03987,9
S03988,12
S03989,9
S03990,9
S03991,11
S03992,9
S03993,12
S03994,12
S03995,11
S03996,10
S03997,9
S03998,9
S03999,11
S04000,12
S04001,9
S04002,10
S04003,9
S04004,11
S04005,12
S04006,10
S04007,10
S04008,12
S04009,9
S04010,9
S04011,10
S04012,10
S04013,10
S04014,9
S04015,11
S04016,9
S04017,11
S04018,10
S04019,9
S04020,11
S04021,9
S04022,9
S04023,9
S04024,11
S04025,9
S04026,11
S04027,9
S04028,9
S04029,10
S04030,9
S04031,11
S04032,10
S04033,12
S04034,11
S04035,9
S04036,9
S04037,10
S04038,9
S04039,12
S04040,10
S04041,10
S04042,10
S04043,9
S04044,11
S04045,11
S04046,12
S04047,9
S04048,12
S04049,10
S04050,10
S04051,9
S04052,10
S04053,9
S04054,11
S04055,11
S04056,11
S04057,9
S04058,11
S04059,10
S04060,9
S04061,11
S04062,11
S04063,9
S04064,10
S04065,11
S04066,9
S04067,10
S04068,9
S04069,10
S04070,11
S04071,12
S04072,11
S04073,9
S04074,10
S04075,10
S04076,9
S04077,12
S04078,10
S04079,12
S04080,9
S04081,10
S04082,9
S04083,9
S04084,11
S04085,12
S04086,12
S04087,12
S04088,11
S04089,11
S04090,11
S04091,12
S04092,11
S04093,11
S04094,9
S04095,12
S04096,12
S04097,12
S04098,9
S04099,12
S04100,9
S04101,10
S04102,11
S04103,12
S04104,11
S04105,10
S04106,11
S04107,11
S04108,9
S04109,9
S04110,12
S04111,11
S04112,11
S04113,9
S04114,11
S04115,9
S04116,11
S04117,12
S04118,9
S04119,9
S04120,11
S04121,12
S04122,9
S04123,11
S04124,11
S04125,12
S04126,9
S04127,12
S04128,9
S04129,11
S04130,12
S04131,9
S04132,11
S04133,9
S04134,11
S04135,10
S04136,9
S04137,10
S04138,10
S04139,11
S04140,11
S04141,12
S04142,11
S04143,9
S04144,10
S04145,10
S04146,10
S04147,9
S04148,9
S04149,12
S04150,9
S04151,11
S04152,12
S04153,9
S04154,10
S04155,12
S04156,11
S04157,10
S04158,12
S04159,9
S04160,10
S04161,12
S04162,9
S04163,12
S04164,10
S04165,11
S04166,11
S04167,9
S04168,11
S04169,11
S04170,11
S04171,11
S04172,11
S04173,10
S04174,11
S04175,10
S04176,12
S04177,12
S04178,10
S04179,11
S04180,12
S04181,11
S04182,10
S04183,10
S04184,12
S04185,11
S04186,12
S04187,10
S04188,9
S04189,10
S04190,12
S04191,11
S04192,9
S04193,11
S04194,10
S04195,12
S04196,12
S04197,10
S04198,12
S04199,12
S04200,9
S04201,10
S04202,12
S04203,9
S04204,10
S04205,10
S04206,12
S04207,11
S04208,12
S04209,9
S04210,10
S04211,11
S04212,11
S04213,11
S04214,10
S04215,12
S04216,11
S04217,10
S04218,11
S04219,11
S04220,11
S04221,12
S04222,10
S04223,10
S04224,12
S04225,12
S04226,10
S04227,12
S04228,9
S04229,10
S04230,12
S04231,10
S04232,11
S04233,12
S04234,10
S04235,11
S04236,12
S04237,11
S04238,9
S04239,10
S04240,11
S04241,11
S04242,9
S04243,12
S04244,9
S04245,12
S04246,9
S04247,12
S04248,9
S04249,10
S04250,10
S04251,9
S04252,11
S04253,12
S04254,11
S04255,11
S04256,10
S04257,10
S04258,11
S04259,9
S04260,12
S04261,10
S04262,10
S04263,11
S04264,12
S04265,10
S04266,12
S04267,9
S04268,9
S04269,12
S04270,10
S04271,9
S04272,12
S04273,11
S04274,12
S04275,9
S04276,9
S04277,12
S04278,9
S04279,11
S04280,11
S04281,12
S04282,11
S04283,11
S04284,9
S04285,9
S04286,10
S04287,10
S04288,10
S04289,11
S04290,10
S04291,12
S04292,10
S04293,11
S04294,10
S04295,12
S04296,10
S04297,9
S04298,12
S04299,10
S04300,11
S04301,9
S04302,11
S04303,10
S04304,10
S04305,9
S04306,10
S04307,12
S04308,9
S04309,10
S04310,12
S04311,12
S04312,11
S04313,9
S04314,10
S04315,11
S04316,12
S04317,10
S04318,12
S04319,11
S04320,10
S04321,9
S04322,12
S04323,10
S04324,11
S04325,9
S04326,9
S04327,10
S04328,11
S04329,11
S04330,11
S04331,11
S04332,11
S04333,10
S04334,9
S04335,12
S04336,10
S04337,11
S04338,9
S04339,12
S04340,10
S04341,9
S04342,10
S04343,11
S04344,12
S04345,12
S04346,10
S04347,9
S04348,12
S04349,9
S04350,11
S04351,9
S04352,10
S04353,12
S04354,9
S04355,9
S04356,9
S04357,10
S04358,9
S04359,10
S04360,10
S04361,10
S04362,12
S04363,10
S04364,10
S04365,11
S04366,12
S04367,10
S04368,9
S04369,9
S04370,12
S04371,12
S04372,10
S04373,9
S04374,11
S04375,11
S04376,12
S04377,11
S04378,12
S04379,12
S04380,9
S04381,10
S04382,9
S04383,10
S04384,11
S04385,11
S04386,12
S04387,11
S04388,10
S04389,9
S04390,10
S04391,10
S04392,9
S04393,11
S04394,9
S04395,12
S04396,9
S04397,11
S04398,9
S04399,12
S04400,12
S04401,11
S04402,9
S04403,10
S04404,10
S04405,12
S04406,11
S04407,11
S04408,10
S04409,11
S04410,11
S04411,12
S04412,12
S04413,9
S04414,10
S04415,11
S04416,10
S04417,10
S04418,10
S04419,11
S04420,10
S04421,12
S04422,11
S04423,11
S04424,10
S04425,11
S04426,10
S04427,10
S04428,12
S04429,12
S04430,12
S04431,12
S04432,12
S04433,12
S04434,12
S04435,11
S04436,12
S04437,11
S04438,11
S04439,11
S04440,11
S04441,12
S04442,9
S04443,9
S04444,10
S04445,12
S04446,10
S04447,11
S04448,9
S04449,10
S04450,9
S04451,10
S04452,12
S04453,12
S04454,10
S04455,12
S04456,9
S04457,10
S04458,9
S04459,9
S04460,11
S04461,9
S04462,11
S04463,10
S04464,11
S04465,12
S04466,10
S04467,12
S04468,12
S04469,9
S04470,9
S04471,11
S04472,12
S04473,12
S04474,9
S04475,10
S04476,9
S04477,12
S04478,10
S04479,9
S04480,9
S04481,12
S04482,10
S04483,12
S04484,10
S04485,11
S04486,11
S04487,10
S04488,10
S04489,9
S04490,10
S04491,11
S04492,12
S04493,9
S04494,12
S04495,11
S04496,12
S04497,11
S04498,9
S04499,11
S04500,11
S04501,9
S04502,9
S04503,11
S04504,9
S04505,12
S04506,12
S04507,10
S04508,10
S04509,11
S04510,11
S04511,10
S04512,9
S04513,11
S04514,12
S04515,12
S04516,11
S04517,10
S04518,10
S04519,12
S04520,11
S04521,10
S04522,11
S04523,10
S04524,11
S04525,12
S04526,10
S04527,10
S04528,9
S04529,12
S04530,9
S04531,9
S04532,11
S04533,12
S04534,11
S04535,12
S04536,9
S04537,10
S04538,10
S04539,11
S04540,9
S04541,10
S04542,10
S04543,10
S04544,11
S04545,12
S04546,9
S04547,12
S04548,12
S04549,10
S04550,10
S04551,12
S04552,10
S04553,12
S04554,12
S04555,11
S04556,10
S04557,10
S04558,9
S04559,12
S04560,10
S04561,10
S04562,12
S04563,11
S04564,11
S04565,11
S04566,11
S04567,10
S04568,9
S04569,12
S04570,12
S04571,11
S04572,11
S04573,11
S04574,12
S04575,10
S04576,11
S04577,11
S04578,9
S04579,10
S04580,11
S04581,12
S04582,11
S04583,9
S04584,12
S04585,10
S04586,10
S04587,11
S04588,9
S04589,11
S04590,10
S04591,9
S04592,10
S04593,10
S04594,11
S04595,12
S04596,10
S04597,12
S04598,12
S04599,9
S04600,9
S04601,10
S04602,12
S04603,12
S04604,10
S04605,11
S04606,9
S04607,9
S04608,9
S04609,12
S04610,10
S04611,9
S04612,10
S04613,9
S04614,9
S04615,9
S04616,11
S04617,11
S04618,9
S04619,11
S04620,11
S04621,11
S04622,12
S04623,11
S04624,9
S04625,11
S04626,10
S04627,12
S04628,12
S04629,10
S04630,11
S04631,11
S04632,9
S04633,10
S04634,12
S04635,10
S04636,9
S04637,12
S04638,9
S04639,12
S04640,10
S04641,11
S04642,10
S04643,11
S04644,12
S04645,12
S04646,12
S04647,9
S04648,10
S04649,11
S04650,12
S04651,9
S04652,10
S04653,11
S04654,9
S04655,10
S04656,12
S04657,12
S04658,9
S04659,11
S04660,9
S04661,11
S04662,9
S04663,9
S04664,12
S04665,10
S04666,10
S04667,12
S04668,12
S04669,10
S04670,12
S04671,11
S04672,9
S04673,11
S04674,10
S04675,9
S04676,12
S04677,12
S04678,10
S04679,12
S04680,11
S04681,9
S04682,12
S04683,12
S04684,9
S04685,12
S04686,11
S04687,12
S04688,9
S04689,11
S04690,11
S04691,11
S04692,9
S04693,12
S04694,12
S04695,11
S04696,9
S04697,9
S04698,12
S04699,10
S04700,12
S04701,9
S04702,10
S04703,10
S04704,11
S04705,12
S04706,12
S04707,9
S04708,10
S04709,10
S04710,12
S04711,12
S04712,11
S04713,10
S04714,12
S04715,11
S04716,12
S04717,12
S04718,10
S04719,12
S04720,10
S04721,12
S04722,12
S04723,12
S04724,9
S04725,9
S04726,10
S04727,10
S04728,10
S04729,12
S04730,10
S04731,9
S04732,11
S04733,11
S04734,10
S04735,12
S04736,9
S04737,11
S04738,11
S04739,10
S04740,12
S04741,9
S04742,9
S04743,9
S04744,11
S04745,12
S04746,10
S04747,10
S04748,10
S04749,12
S04750,10
S04751,11
S04752,9
S04753,10
S04754,9
S04755,9
S04756,9
S04757,9
S04758,12
S04759,11
S04760,10
S04761,11
S04762,12
S04763,12
S04764,11
S04765,10
S04766,11
S04767,11
S04768,12
S04769,12
S04770,12
S04771,9
S04772,10
S04773,9
S04774,11
S04775,11
S04776,11
S04777,12
S04778,11
S04779,11
S04780,9
S04781,11
S04782,9
S04783,10
S04784,12
S04785,10
S04786,10
S04787,12
S04788,12
S04789,9
S04790,11
S04791,9
S04792,9
S04793,12
S04794,12
S04795,11
S04796,12
S04797,12
S04798,12
S04799,12
S04800,9
S04801,12
S04802,10
S04803,11
S04804,12
S04805,9
S04806,9
S04807,12
S04808,9
S04809,11
S04810,12
S04811,12
S04812,9
S04813,12
S04814,10
S04815,9
S04816,10
S04817,9
S04818,10
S04819,9
S04820,11
S04821,12
S04822,9
S04823,10
S04824,9
S04825,11
S04826,11
S04827,12
S04828,9
S04829,9
S04830,9
S04831,11
S04832,10
S04833,9
S04834,12
S04835,10
S04836,12
S04837,11
S04838,9
S04839,11
S04840,9
S04841,10
S04842,10
S04843,11
S04844,10
S04845,10
S04846,12
S04847,12
S04848,11
S04849,11
S04850,9
S04851,11
S04852,10
S04853,9
S04854,12
S04855,12
S04856,9
S04857,10
S04858,9
S04859,11
S04860,9
S04861,12
S04862,10
S04863,12
S04864,9
S04865,11
S04866,12
S04867,12
S04868,9
S04869,9
S04870,11
S04871,11
S04872,10
S04873,12
S04874,10
S04875,12
S04876,10
S04877,9
S04878,10
S04879,9
S04880,12
S04881,10
S04882,11
S04883,11
S04884,10
S04885,10
S04886,9
S04887,10
S04888,10
S04889,10
S04890,11
S04891,10
S04892,9
S04893,9
S04894,10
S04895,10
S04896,11
S04897,10
S04898,12
S04899,11
S04900,9
S04901,10
S04902,12
S04903,12
S04904,12
S04905,12
S04906,11
S04907,11
S04908,12
S04909,12
S04910,9
S04911,9
S04912,12
S04913,10
S04914,12
S04915,12
S04916,10
S04917,12
S04918,9
S04919,10
S04920,10
S04921,10
S04922,10
S04923,12
S04924,10
S04925,11
S04926,10
S04927,11
S04928,11
S04929,12
S04930,10
S04931,11
S04932,12
S04933,9
S04934,12
S04935,12
S04936,12
S04937,9
S04938,10
S04939,10
S04940,10
S04941,9
S04942,10
S04943,11
S04944,12
S04945,10
S04946,11
S04947,10
S04948,9
S04949,10
S04950,9
S04951,9
S04952,10
S04953,12
S04954,9
S04955,11
S04956,10
S04957,11
S04958,10
S04959,12
S04960,10
S04961,11
S04962,12
S04963,11
S04964,9
S04965,12
S04966,9
S04967,11
S04968,10
S04969,12
S04970,11
S04971,11
S04972,11
S04973,9
S04974,11
S04975,11
S04976,12
S04977,10
S04978,11
S04979,9
S04980,11
S04981,10
S04982,9
S04983,11
S04984,12
S04985,12
S04986,10
S04987,9
S04988,9
S04989,12
S04990,12
S04991,12
S04992,10
S04993,9
S04994,9
S04995,10
S04996,10
S04997,10
S04998,9
S04999,10
S05000,11
S05001,10
S05002,11
S05003,12
S05004,12
S05005,9
S05006,12
S05007,10
S05008,9
S05009,9
S05010,12
S05011,12
S05012,12
S05013,12
S05014,10
S05015,10
S05016,11
S05017,9
S05018,11
S05019,12
S05020,9
S05021,10
S05022,11
S05023,11
S05024,12
S05025,12
S05026,10
S05027,9
S05028,12
S05029,11
S05030,9
S05031,11
S05032,9
S05033,12
S05034,10
S05035,11
S05036,9
S05037,12
S05038,10
S05039,11
S05040,9
S05041,11
S05042,12
S05043,10
S05044,12
S05045,10
S05046,10
S05047,10
S05048,9
S05049,12
S05050,9
S05051,11
S05052,11
S05053,11
S05054,12
S05055,12
S05056,10
S05057,9
S05058,11
S05059,12
S05060,12
S05061,12
S05062,12
S05063,10
S05064,12
S05065,11
S05066,12
S05067,11
S05068,9
S05069,10
S05070,12
S05071,12
S05072,9
S05073,10
S05074,10
S05075,10
S05076,10
S05077,11
S05078,12
S05079,10
S05080,10
S05081,12
S05082,9
S05083,12
S05084,11
S05085,9
S05086,11
S05087,11
S05088,10
S05089,11
S05090,12
S05091,12
S05092,10
S05093,10
S05094,11
S05095,10
S05096,10
S05097,9
S05098,9
S05099,10
S05100,9
S05101,9
S05102,12
S05103,10
S05104,9
S05105,9
S05106,11
S05107,10
S05108,10
S05109,11
S05110,10
S05111,12
S05112,12
S05113,11
S05114,9
S05115,9
S05116,12
S05117,12
S05118,10
S05119,10
S05120,10
S05121,9
S05122,10
S05123,11
S05124,10
S05125,11
S05126,11
S05127,9
S05128,12
S05129,11
S05130,11
S05131,11
S05132,9
S05133,12
S05134,9
S05135,9
S05136,11
S05137,11
S05138,11
S05139,10
S05140,12
S05141,9
S05142,12
S05143,12
S05144,9
S05145,11
S05146,12
S05147,12
S05148,9
S05149,9
S05150,10
S05151,12
S05152,10
S05153,12
S05154,12
S05155,10
S05156,9
S05157,10
S05158,9
S05159,9
S05160,12
S05161,9
S05162,10
S05163,10
S05164,9
S05165,9
S05166,10
S05167,11
S05168,11
S05169,11
S05170,11
S05171,11
S05172,12
S05173,9
S05174,9
S05175,10
S05176,10
S05177,12
S05178,12
S05179,9
S05180,12
S05181,10
S05182,10
S05183,11
S05184,11
S05185,11
S05186,12
S05187,10
S05188,12
S05189,10
S05190,10
S05191,11
S05192,11
S05193,12
S05194,10
S05195,10
S05196,10
S05197,11
S05198,12
S05199,10
S05200,10
S05201,12
S05202,9
S05203,10
S05204,9
S05205,10
S05206,11
S05207,9
S05208,10
S05209,9
S05210,10
S05211,12
S05212,12
S05213,12
S05214,10
S05215,10
S05216,9
S05217,9
S05218,11
S05219,10
S05220,10
S05221,10
S05222,12
S05223,12
S05224,12
S05225,11
S05226,12
S05227,10
S05228,9
S05229,9
S05230,12
S05231,11
S05232,12
S05233,12
S05234,9
S05235,9
S05236,10
S05237,11
S05238,11
S05239,9
S05240,10
S05241,10
S05242,10
S05243,9
S05244,10
S05245,9
S05246,12
S05247,12
S05248,9
S05249,10
S05250,10
S05251,12
S05252,10
S05253,12
S05254,11
S05255,10
S05256,12
S05257,11
S05258,10
S05259,12
S05260,12
S05261,9
S05262,11
S05263,9
S05264,10
S05265,11
S05266,9
S05267,9
S05268,12
S05269,10
S05270,11
S05271,10
S05272,12
S05273,11
S05274,12
S05275,9
S05276,12
S05277,11
S05278,11
S05279,9
S05280,10
S05281,10
S05282,10
S05283,9
S05284,9
S05285,11
S05286,9
S05287,9
S05288,10
S05289,10
S05290,10
S05291,10
S05292,11
S05293,12
S05294,11
S05295,12
S05296,11
S05297,12
S05298,12
S05299,12
S05300,9
S05301,9
S05302,12
S05303,11
S05304,12
S05305,9
S05306,12
S05307,9
S05308,12
S05309,11
S05310,11
S05311,10
S05312,10
S05313,12
S05314,9
S05315,10
S05316,11
S05317,11
S05318,11
S05319,11
S05320,10
S05321,11
S05322,10
S05323,12
S05324,11
S05325,9
S05326,10
S05327,9
S05328,9
S05329,12
S05330,12
S05331,10
S05332,9
S05333,11
S05334,11
S05335,12
S05336,11
S05337,9
S05338,10
S05339,11
S05340,12
S05341,9
S05342,11
S05343,12
S05344,10
S05345,12
S05346,11
S05347,11
S05348,11
S05349,11
S05350,11
S05351,12
S05352,11
S05353,9
S05354,10
S05355,12
S05356,10
S05357,9
S05358,9
S05359,10
S05360,11
S05361,11
S05362,9
S05363,10
S05364,11
S05365,9
S05366,11
S05367,9
S05368,12
S05369,12
S05370,12
S05371,9
S05372,10
S05373,11
S05374,10
S05375,11
S05376,12
S05377,9
S05378,9
S05379,12
S05380,10
S05381,9
S05382,9
S05383,10
S05384,9
S05385,12
S05386,11
S05387,10
S05388,11
S05389,11
S05390,9
S05391,10
S05392,12
S05393,10
S05394,9
S05395,11
S05396,12
S05397,11
S05398,11
S05399,9
S05400,11
S05401,9
S05402,10
S05403,10
S05404,12
S05405,12
S05406,9
S05407,12
S05408,11
S05409,10
S05410,10
S05411,9
S05412,9
S05413,12
S05414,9
S05415,12
S05416,10
S05417,10
S05418,11
S05419,9
S05420,12
S05421,10
S05422,12
S05423,12
S05424,11
S05425,10
S05426,9
S05427,11
S05428,11
S05429,9
S05430,11
S05431,9
S05432,11
S05433,12
S05434,11
S05435,12
S05436,10
S05437,10
S05438,9
S05439,12
S05440,12
S05441,9
S05442,9
S05443,11
S05444,10
S05445,11
S05446,10
S05447,9
S05448,11
S05449,10
S05450,10
S05451,11
S05452,12
S05453,11
S05454,11
S05455,11
S05456,11
S05457,9
S05458,11
S05459,9
S05460,9
S05461,9
S05462,11
S05463,10
S05464,12
S05465,11
S05466,12
S05467,10
S05468,10
S05469,9
S05470,9
S05471,10
S05472,10
S05473,11
S05474,11
S05475,10
S05476,11
S05477,12
S05478,9
S05479,9
S05480,9
S05481,10
S05482,10
S05483,12
S05484,10
S05485,12
S05486,12
S05487,9
S05488,11
S05489,12
S05490,12
S05491,9
S05492,12
S05493,9
S05494,11
S05495,12
S05496,11
S05497,12
S05498,11
S05499,12
S05500,9
S05501,12
S05502,12
S05503,10
S05504,10
S05505,9
S05506,11
S05507,12
S05508,10
S05509,12
S05510,12
S05511,11
S05512,12
S05513,10
S05514,11
S05515,10
S05516,9
S05517,10
S05518,10
S05519,12
S05520,9
S05521,9
S05522,12
S05523,10
S05524,10
S05525,11
S05526,12
S05527,11
S05528,9
S05529,9
S05530,9
S05531,9
S05532,12
S05533,12
S05534,9
S05535,10
S05536,10
S05537,9
S05538,12
S05539,9
S05540,12
S05541,12
S05542,9
S05543,9
S05544,12
S05545,9
S05546,11
S05547,10
S05548,10
S05549,9
S05550,12
S05551,11
S05552,12
S05553,12
S05554,10
S05555,9
S05556,10
S05557,9
S05558,11
S05559,9
S05560,10
S05561,10
S05562,12
S05563,12
S05564,9
S05565,12
S05566,12
S05567,9
S05568,11
S05569,11
S05570,10
S05571,12
S05572,11
S05573,9
S05574,9
S05575,10
S05576,11
S05577,11
S05578,9
S05579,9
S05580,10
S05581,9
S05582,11
S05583,11
S05584,11
S05585,12
S05586,11
S05587,12
S05588,11
S05589,10
S05590,9
S05591,10
S05592,9
S05593,10
S05594,10
S05595,10
S05596,10
S05597,10
S05598,10
S05599,11
S05600,9
S05601,11
S05602,9
S05603,9
S05604,12
S05605,9
S05606,10
S05607,11
S05608,12
S05609,11
S05610,9
S05611,10
S05612,11
S05613,12
S05614,12
S05615,12
S05616,11
S05617,9
S05618,11
S05619,9
S05620,10
S05621,12
S05622,12
S05623,9
S05624,9
S05625,11
S05626,12
S05627,11
S05628,9
S05629,9
S05630,10
S05631,11
S05632,12
S05633,12
S05634,9
S05635,9
S05636,10
S05637,12
S05638,10
S05639,12
S05640,12
S05641,9
S05642,10
S05643,9
S05644,11
S05645,9
S05646,9
S05647,12
S05648,11
S05649,9
S05650,12
S05651,11
S05652,11
S05653,10
S05654,11
S05655,12
S05656,9
S05657,9
S05658,11
S05659,12
S05660,10
S05661,9
S05662,11
S05663,10
S05664,9
S05665,10
S05666,9
S05667,9
S05668,10
S05669,9
S05670,9
S05671,11
S05672,12
S05673,10
S05674,10
S05675,11
S05676,12
S05677,12
S05678,12
S05679,9
S05680,12
S05681,10
S05682,12
S05683,10
S05684,10
S05685,11
S05686,12
S05687,9
S05688,9
S05689,12
S05690,9
S05691,12
S05692,12
S05693,11
S05694,9
S05695,12
S05696,11
S05697,10
S05698,12
S05699,11
S05700,11
S05701,12
S05702,9
S05703,9
S05704,11
S05705,12
S05706,12
S05707,9
S05708,10
S05709,12
S05710,12
S05711,11
S05712,12
S05713,10
S05714,12
S05715,11
S05716,12
S05717,12
S05718,9
S05719,9
S05720,11
S05721,10
S05722,12
S05723,10
S05724,9
S05725,11
S05726,9
S05727,12
S05728,10
S05729,10
S05730,10
S05731,12
S05732,12
S05733,9
S05734,11
S05735,10
S05736,9
S05737,10
S05738,9
S05739,11
S05740,9
S05741,12
S05742,10
S05743,11
S05744,10
S05745,10
S05746,11
S05747,10
S05748,10
S05749,11
S05750,12
S05751,9
S05752,12
S05753,12
S05754,9
S05755,11
S05756,9
S05757,11
S05758,11
S05759,12
S05760,10
S05761,11
S05762,12
S05763,11
S05764,10
S05765,9
S05766,9
S05767,9
S05768,10
S05769,12
S05770,12
S05771,9
S05772,11
S05773,9
S05774,12
S05775,9
S05776,9
S05777,11
S05778,11
S05779,9
S05780,12
S05781,12
S05782,9
S05783,12
S05784,11
S05785,9
S05786,11
S05787,10
S05788,10
S05789,12
S05790,10
S05791,12
S05792,11
S05793,12
S05794,9
S05795,9
S05796,10
S05797,10
S05798,9
S05799,9
S05800,12
S05801,12
S05802,9
S05803,10
S05804,10
S05805,11
S05806,12
S05807,11
S05808,10
S05809,12
S05810,9
